building_id,section_type,title,content,sort_order
1,history,历史沿革,"""佛光寺东大殿位于山西省五台县豆村镇佛光山腰，是佛光寺的正殿，也是中国现存规模最大、保存最完整的唐代木结构建筑。始建于北魏孝文帝时期（471-499年），初为三层七间，后毁于火灾。唐大中十一年（857年），由长安宁公遇出资，在佛光寺旧址上重建，成为唐代木构建筑的典范。1937年6月，梁思成、林徽因夫妇与莫宗江、纪玉堂等中国营造学社成员，根据法国汉学家伯希和所著《敦煌石窟图录》中第61窟壁画《五台山图》的线索，历尽艰辛发现此殿，确证其唐代身份，打破了日本学者“中国已无唐代木构建筑”的论断。殿内还存有唐代塑像、壁画、题记，与建筑本身并称“四绝”。1961年被列为第一批全国重点文物保护单位，2009年作为五台山的一部分被列入世界文化遗产名录。佛光寺的发现，填补了中国建筑史的重要空白，使唐代建筑实物得以重见天日。殿内梁下保留有唐代题记“敕河东节度观察处置等使检校部工部尚书兼御史大夫郑……”，以及“佛殿主上都送供女弟子宁公遇”等墨书，确证建造年代。这些题记为研究唐代官制、地名、人名提供了第一手资料。""",1
1,structure,结构成就,"""大殿面阔七间（34米），进深四间（17.66米），单檐庑殿顶，出檐深远达3.96米，是中国现存木构建筑中出檐最深的实例。采用金厢斗底槽布局，即内外两圈柱网，外圈檐柱、内圈金柱，内外柱等高，形成规整的柱网。檐柱有侧脚和升起，增强稳定性，柱头卷杀圆和。梁架结构为彻上明造（无天花板），梁栿、驼峰、叉手等构件暴露在外，加工规整，展现了唐代木作的高超技艺。斗拱雄大，共计七铺作，双抄双下昂，补间铺作每间一朵，斗拱总高约为柱高的一半，使屋檐显得深远而舒展。整体比例雄浑豪放，体现了唐代建筑雄健沉稳之美。其结构设计科学，抗震性能优异，历经千年多次地震仍安然无恙。殿顶举折平缓，脊饰简洁，正脊两端设高大的琉璃鸱尾，高达3米余，为唐代原物。殿身四周有檐柱22根，内柱14根，柱网布局严谨。殿前月台宽敞，与殿身相连，月台两侧有唐代石灯一座。""",2
1,material,材料与工艺,"""主要材料为当地松木，梁柱用材硕大，其中内柱直径达60厘米以上，最大者达70厘米。斗拱、梁架等所有构件均采用榫卯连接，未用一钉一铆，展现了唐代高超的木作工艺。殿内还保存有30余尊唐代彩塑，面相丰满，衣纹流畅，为唐代雕塑珍品，其中主像释迦牟尼佛高达5.3米，左右有弥勒佛、阿弥陀佛，两侧为普贤、文殊菩萨，以及弟子、菩萨、天王等。佛坛上还有宁公遇等供养人像。拱眼壁残存有唐代壁画，以土红、石绿绘制，虽斑驳但可见唐风，内容为佛像和菩萨像，是除敦煌外罕见的唐代寺观壁画。殿门为板门，门钉整齐，每扇九行九列。台基用条石砌筑，前设月台，月台两侧有石灯，高约4米，雕刻精美。梁下唐代题记墨迹清晰，为研究唐代书法提供了实物资料。""",3
1,culture,文化价值,"""作为中国现存最早的唐代木结构建筑，佛光寺东大殿被梁思成誉为“中国第一国宝”。其建筑形制、雕塑、壁画、题记均为唐代原物，具有极高的历史、艺术、科学价值。它是研究唐代建筑技术、佛教艺术、社会历史的珍贵实物，也是中国建筑史上最重要的实例之一。佛光寺的发现，改变了中国建筑史的研究格局，使唐代建筑有了确切的标尺。殿内唐代彩塑与敦煌唐代塑像风格一致，是除敦煌外罕见的唐代佛教雕塑群，其写实风格、丰腴体态、流畅衣纹，体现了唐代雕塑的巅峰水平。东大殿的建筑形制为后世研究唐代官式建筑提供了唯一实例，其斗拱、梁架、屋顶等做法，在宋《营造法式》中均有记载，可相互印证。佛光寺作为五台山佛教圣地的重要组成部分，见证了唐代佛教的兴盛和中外文化交流，其历史价值不可估量。""",4
2,history,历史沿革,"""应县木塔，全称佛宫寺释迦塔，位于山西省应县佛宫寺内，建于辽清宁二年（1056年），由辽兴宗下令修建，作为礼佛和军事瞭望之用。金代、元代、明代多次修缮，现存碑刻记载了历代维修情况，如金明昌四年（1193年）增修，元延祐七年（1320年）大修，明正德三年（1508年）重修等。木塔历经多次大地震（如元大德九年1305年地震、明万历年间地震、清康熙年间地震等）和战争（1926年军阀混战中弹多发），至今依然屹立不倒，堪称建筑奇迹。20世纪30年代，中国营造学社曾进行测绘调查，梁思成先生亲自测绘并给予高度评价。1961年被列为第一批全国重点文物保护单位。2012年，应县木塔被列入世界文化遗产预备名单。木塔与意大利比萨斜塔、法国埃菲尔铁塔并称世界三大奇塔。塔内一层有辽代壁画，内容为天王、弟子等，风格古朴。塔身内外悬挂有明清匾联数十块，如明成祖朱棣题“峻极神工”，明武宗朱厚照题“天下奇观”等。""",1
2,structure,结构成就,"""木塔高67.31米，是世界上现存最高最古老的木结构塔式建筑。塔身采用八角形平面，明五暗四共九层，即外观五层六檐，内部四层暗层，形成结构加强层。内外两槽立柱，构成双层套筒式结构，大大增强了稳定性和抗震性。全塔使用54种斗拱，共计480朵，形式多样，结构精巧，被誉为“斗拱博物馆”。暗层内设有斜撑，类似现代桁架，使整体刚度极大提升。塔顶铁刹由砖砌刹座和铁铸刹杆组成，高约10米，刹杆穿入塔身，与塔心柱相连，起到稳定作用。塔身各层均设平座、栏杆，可供凭眺。底层重檐，南面开门，各层设木质楼梯上下。塔内各层均有塑像，底层释迦牟尼坐像高达11米，面容丰满，衣纹流畅，为辽代原作。二层塑像为四方佛，三层为四方佛和菩萨，四层为佛像和弟子，五层为毗卢遮那佛。各层塑像风格统一，是辽代雕塑的珍品。""",2
2,material,材料与工艺,"""主体为华北落叶松，各构件通过榫卯连接，不用一钉一铆。塔基采用石砌，高4.4米，分上下两层，下层为方形，上层为八角形，每面均有雕刻。塔身木构件加工精度极高，历经千年仍紧密稳固。塔内一层存有辽代壁画和11米高的释迦牟尼塑像，塑像为木骨泥胎，外施彩绘，线条流畅，色彩鲜艳。各层均有泥塑佛像，部分为后代补塑。塔身木材表面施有彩绘，但已斑驳。底层墙体内嵌有石碑，记载历代修缮情况，如金代《释迦塔》碑、明代《重修佛宫寺释迦塔记》碑等。塔身用材量巨大，据估算，木塔共用木材约3000立方米，重约2600吨。""",3
2,culture,文化价值,"""应县木塔是世界木结构建筑的奇迹，展现了辽代建筑技术的巅峰。它是研究中国木结构建筑、古代工程技术、佛教艺术以及辽代社会历史的宝贵实物。木塔的结构设计，如双层套筒、斜撑应用，对现代高层建筑仍有借鉴意义。其近千年的屹立，证明了古代匠师的非凡智慧。塔内辽代壁画和塑像，是研究辽代佛教艺术的珍贵资料。木塔所在佛宫寺，也是辽代佛教寺院布局的重要实例，其前塔后殿的格局，反映了辽代佛教建筑的特点。木塔的建筑形制、斗拱组合，为研究辽代建筑提供了标准范式。2016年，应县木塔被吉尼斯世界纪录认证为世界最高木塔。木塔历经千年风雨、地震、战争而不倒，其抗震、抗风性能令现代工程师叹服。""",4
3,history,历史沿革,"""赵州桥，又名安济桥，位于河北省赵县城南洨河上，建于隋开皇至大业年间（595-605年），由著名工匠李春设计建造。它是世界上现存年代最久、跨度最大的单孔敞肩石拱桥。历经1400余年，至今仍在使用，期间经历了10次水灾、8次战乱和多次地震，尤其是1966年邢台7.6级地震，桥身安然无恙。历代均有修缮，但桥体主体结构和主要构件仍为隋代原物。唐代中书令张嘉贞在《安济桥铭》中记载：“赵州洨河石桥，隋匠李春之迹也，制造奇特，人不知其所以为。”宋代治平三年（1066年）曾修缮，明代嘉靖年间（1522-1566年）重修，清代乾隆年间（1736-1795年）也有修缮。1991年，美国土木工程师学会将其选定为国际土木工程历史古迹。1961年被列为第一批全国重点文物保护单位。赵州桥的建造，开创了中国桥梁史上的新纪元，对后世石拱桥产生了深远影响。""",1
3,structure,结构成就,"""桥长50.82米，跨径37.02米，拱高7.23米，矢跨比约1:5，桥面宽9米。首创“敞肩拱”结构，在主拱两端各设两个小拱（净跨分别为3.8米和2.85米），既减轻桥身自重约500吨，又利于泄洪，增加了桥梁的稳定性。桥身线条优美，弧度平缓，主拱由28道拱圈纵向并列砌筑而成，每道拱圈可独立承重，便于维护。桥面两侧栏板和望柱雕刻精美，有龙兽、竹节等图案，刀法苍劲，为隋代石刻精品。桥台为低拱脚、浅基础、短桥台，直接建在天然地基上，体现了隋代高超的地基处理技术。桥面两侧设地袱，上立望柱，柱间施栏板，栏板上有饕餮、蛟龙、花鸟等浮雕。桥两端还设有华表和石狮。""",2
3,material,材料与工艺,"""桥体全部用石灰石建造，石料之间用腰铁连接，坚固耐久。拱券采用纵向并列砌筑法，由28道拱圈并列而成，可独立维护。拱石间用铁楔连接，拱背铺设护拱石，两侧设仰天石。桥面两侧栏板和望柱雕刻精美，现存栏板多为隋代原物，图案有行龙、饕餮等，刀法古朴。桥面铺石，两侧设地袱。桥台基础为五层条石砌成，直接坐于河床天然砂石地层上。腰铁、铁楔的运用，增强了石构件的整体性。所用石料为当地产的青白色石灰岩，质地坚硬，耐风化。拱石加工精细，表面光滑，缝隙严密，体现了隋代石工的高超技艺。""",3
3,culture,文化价值,"""赵州桥是中国古代桥梁建筑的杰出代表，其敞肩拱技术领先世界数百年，欧洲类似的桥直到14世纪才出现。它的设计理念、结构力学、施工工艺，至今仍为桥梁工程界所推崇。李春作为古代桥梁大师，其事迹载入史册。赵州桥也是文学艺术中的重要题材，民间传说《小放牛》传唱不衰，歌颂了鲁班（实为李春）修桥的故事。1991年被美国土木工程师学会评为国际土木工程历史古迹。它的建成，标志着中国古代桥梁技术达到了一个高峰，对后世桥梁建造产生了深远影响。赵州桥与卢沟桥、广济桥并称中国三大古桥。桥上的石刻、栏板是研究隋代雕刻艺术的珍贵实物。赵州桥还体现了中国古代“天人合一”的哲学思想，其优美的弧线与自然环境和谐相融。""",4
4,history,历史沿革,"""苏州拙政园位于苏州古城区东北街，始建于明正德四年（1509年），由御史王献臣因官场失意还乡，以大弘寺旧址拓建而成，取晋代潘岳《闲居赋》中“拙者之为政”之意命名。后多次易主，几经分合改建。明崇祯年间，园东部归侍郎王心一，改名“归田园居”。清初归陈之遴，后又归吴三桂婿王永宁。乾隆年间，园中部归蒋棨，重新修缮。同治年间，为李鸿章所得，后为张之万所有。现存园貌主要形成于清末，经1952年整修后对公众开放。1997年被列为世界文化遗产（苏州古典园林扩展项目）。拙政园是江南私家园林的典范，被誉为“中国园林之母”。园内至今保留有明代文徵明《拙政园图》石刻三十一幅，是研究园林历史的重要资料。""",1
4,structure,结构成就,"""全园以水为中心，山水萦绕，亭榭精美，分为东、中、西三部分。中部为精华所在，水面约占三分之一，池水清澈，建筑多临水布置，有远香堂、荷风四面亭、香洲、小飞虹等。布局疏密自然，极富江南水乡韵味。其借景、对景等手法运用纯熟，如远香堂北望，雪香云蔚亭、待霜亭隐现于林木之中。西部补园有三十六鸳鸯馆、十八曼陀罗花馆，建筑精美，四周假山环绕。东部明快开朗，有兰雪堂、芙蓉榭等。园内桥梁多座，以小飞虹廊桥最为别致，桥身覆以廊，可遮阳避雨。园中水体曲折萦回，有聚有分，形成丰富的水景。中部池中垒土石为二岛，上建亭阁，象征海上仙山。""",2
4,material,材料与工艺,"""建筑多为砖木结构，粉墙黛瓦，木构件施以精美雕刻和彩绘。假山用太湖石堆叠，手法自然，如中部池中两岛，以土为主，石为辅，林木葱郁，体现了明代园林“土石相间”的叠山风格。水景处理巧妙，池岸曲折，水流萦回。园内植物配置丰富，四季有景，春有海棠、牡丹，夏有荷花，秋有菊花、红枫，冬有腊梅。铺地多用卵石、碎瓦拼成图案，如冰裂纹、海棠纹等，做工精细。门窗洞造型多样，有圆形、方形、六角形、海棠形等，框景成画。建筑装修精致，如三十六鸳鸯馆的蓝白玻璃窗，为晚清风格，透过彩色玻璃看园景，别有趣味。""",3
4,culture,文化价值,"""作为中国四大名园之一，拙政园是江南古典园林的代表作。1997年被列为世界文化遗产（苏州古典园林扩展项目）。其造园艺术深刻影响了后世园林设计，体现了明代文人园林的审美理想——自然、疏朗、雅致。园内楹联匾额众多，如“与谁同坐轩”取苏轼词意，文化底蕴深厚。拙政园也是研究中国古代园林艺术、建筑史、文人生活的重要实例。它代表了江南私家园林的最高成就，被誉为“中国园林之母”。园内建筑、山石、花木、水体完美融合，是文人写意山水园的典范。历代文人墨客如文徵明、袁枚、俞樾等都曾游园赋诗，留下大量诗文。拙政园还见证了明清两代江南士大夫的生活方式和审美情趣。""",4
5,history,历史沿革,"""福建土楼主要分布在闽西南山区，起源于宋元时期，成熟于明清。是客家人为防御外敌和野兽，聚族而居的大型夯土民居建筑。最具代表性的有永定初溪土楼群、南靖田螺坑土楼群、华安大地土楼群等。2008年，福建土楼46座被列入世界文化遗产名录。其建筑形制反映了中国古代宗族社会的组织结构和农耕文明的智慧。福建土楼的建造与历史上客家先民南迁、与当地土著融合的过程密切相关，是中原文化与闽越文化结合的产物。据族谱记载，永定客家土楼最早建于宋末元初，明末清初达到鼎盛。土楼的建造往往由一姓宗族共同出资，历时数年乃至数十年建成，凝聚了全族的心血。""",1
5,structure,结构成就,"""土楼通常为圆形或方形，高达3-5层，外墙用生土夯筑，厚达1-2米，坚固如堡垒。内部为木结构，环周房间均朝向内院，中心为祖堂。集居住、防御、祭祀于一体，空间布局合理。圆楼如承启楼，直径73米，四层，每层72间，共288间，中心设祖堂，为内外三圈环形建筑，内圈为单层，中圈为二层，外圈为四层，规模宏大。方楼如和贵楼，高5层，外墙用卵石砌基，土墙厚1.3米，楼内设水井、粮仓，可长期固守。土楼底层为厨房、餐厅，二层为粮仓，三层以上为卧室。楼内设环形走廊连通各户，每层有四个公共楼梯。外墙开设少量小窗，底层无窗，防御性强。楼内天井宽阔，可供晾晒谷物、举行宗族活动。""",2
5,material,材料与工艺,"""主要材料为黄土、沙石、石灰、糯米浆、红糖水等，经过反复夯筑而成，强度极高，堪比混凝土。墙体中加入竹片、木条作为拉筋，增强整体性。屋顶采用小青瓦，出檐深远以保护墙体。内部木结构采用穿斗式和抬梁式结合，梁柱榫卯连接。楼内门窗、栏杆多施雕刻，题材丰富，如麒麟送子、福禄寿喜等。地基多用大块卵石砌筑，以防潮湿和虫害。外墙底部不开窗，二层以上开小窗，窗框用条石砌成。夯土墙分段夯筑，每段约30厘米，层层夯实，墙体内外抹灰，以防雨水冲刷。""",3
5,culture,文化价值,"""福建土楼是世界文化遗产，被誉为“东方古城堡”。它体现了中国传统的宗族社会形态和建筑智慧，是人与自然和谐共存的典范。土楼建筑不仅具有居住和防御功能，还承载着客家人的文化认同和家族伦理。其独特的建筑形式，成为福建客家文化的象征，吸引了大量游客和学者。2008年被列入世界遗产名录，遗产名称为“福建土楼”。土楼的夯筑技术、聚落规划，对现代建筑和社区规划也有启示意义。土楼内至今仍有许多居民生活，是活态的文化遗产，保留着客家人的传统习俗和生活方式。土楼还是客家文化的载体，楼内设有学堂、祠堂，体现了客家人崇文重教的传统。""",4
6,history,历史沿革,"""北京故宫，旧称紫禁城，位于北京中轴线中心，始建于明永乐四年（1406年），以南京故宫为蓝本，历时14年于1420年建成，是明清两代的皇家宫殿。此后历经多次重修和扩建，现存建筑主要为清代所建。1925年成立故宫博物院，对公众开放。1987年被列为世界文化遗产，是世界上现存规模最大、保存最完整的木质结构古建筑群。故宫的设计体现了中国古代的宇宙观和皇权思想，是中华文明的瑰宝。故宫共有24位皇帝在此居住，是中国古代宫廷生活的见证。明清两代先后有24位皇帝在此登基、居住、理政，历时491年。故宫的建筑布局严格遵循《周礼·考工记》中“左祖右社，前朝后市”的营国制度，体现了皇权至上的思想。""",1
6,structure,结构成就,"""故宫占地面积72万平方米，建筑面积约15万平方米，有宫殿70多座，房屋9000余间。整体布局沿中轴线对称，前朝后寝，左祖右社，严格遵循礼制。太和殿、中和殿、保和殿三大殿巍峨壮观，坐落在三层汉白玉台基上。太和殿面阔十一间，重檐庑殿顶，是等级最高的建筑，殿内金砖铺地，设有金漆雕龙宝座。乾清宫、交泰殿、坤宁宫为后三宫，是皇帝、皇后居住的正宫。东西六宫为嫔妃居所，布局规整。御花园精巧雅致，内有亭台楼阁、假山水池。宫城四角有角楼，结构复杂，九梁十八柱七十二脊。城墙高10米，外有护城河。故宫的布局严谨，轴线明确，体现了皇权至上的思想。""",2
6,material,材料与工艺,"""主要建筑材料为木料（楠木、松木等）、砖石、琉璃瓦。木构采用榫卯连接，斗拱层叠，彩绘精美（和玺彩画、旋子彩画）。台基用汉白玉雕砌，栏板望柱雕刻云龙、云凤。殿顶覆盖黄色琉璃瓦，体现皇家气派。地砖为“金砖”，产自苏州，质地密实，敲之有金石之声。故宫的排水系统设计科学，历经数百年依然有效。墙体用青砖砌筑，抹灰刷红。门钉九行九列，象征皇权。太和殿内金砖铺地，光滑如镜，共铺设4718块。殿内柱子多根，最粗者直径达1.06米，均为金丝楠木。故宫的彩画以和玺彩画等级最高，用于主要宫殿，旋子彩画次之，用于次要建筑。""",3
6,culture,文化价值,"""北京故宫是世界上现存规模最大、保存最完整的木质结构古建筑群，1987年被列为世界文化遗产。它集中体现了中国古代建筑艺术和宫廷文化的巅峰，是中华民族的瑰宝。故宫不仅是中国古代建筑史的典范，也是明清两代历史的重要见证，收藏有180余万件文物，涵盖古代艺术、宫廷生活等各个方面，是世界上最重要的博物馆之一。故宫的建筑规制、装饰艺术、礼仪制度，对后世产生了深远影响。故宫也是中华文明的象征，每年吸引大量游客参观。故宫的文物包括书画、瓷器、青铜器、玉器、金银器、珐琅器等，其中《清明上河图》、大禹治水玉山等为国宝级文物。故宫还设有宫廷历史遗迹陈列，展示皇帝、后妃的生活场景。""",4
7,history,历史沿革,"""拉萨布达拉宫位于西藏拉萨市西北的玛布日山上，始建于公元7世纪吐蕃王朝松赞干布时期，为迎娶文成公主而建，后毁于战火。17世纪五世达赖喇嘛重建，成为历代达赖喇嘛的冬宫和政治宗教中心。此后不断扩建，形成今日规模。1994年被列为世界文化遗产（布达拉宫历史建筑群）。布达拉宫不仅是西藏政教合一的象征，也是藏汉民族团结的历史见证。布达拉宫的建筑与山体完美融合，被誉为“世界屋脊上的明珠”。五世达赖喇嘛重建时，白宫先建成，五世达赖即迁居于此。五世达赖圆寂后，摄政桑结嘉措主持修建红宫，供奉五世达赖灵塔。此后历代达赖均有增建，形成今日规模。""",1
7,structure,结构成就,"""布达拉宫依山而建，高117米，共13层，由红宫、白宫和山脚下的雪城组成。建筑群与山体融合，气势恢宏。红宫居中，为佛殿和历代达赖灵塔殿；白宫横列两翼，为达赖寝宫和办公地。内部殿堂密布，廊道交错，集宫殿、寺庙、灵塔于一体。金顶群位于红宫顶部，七座鎏金铜瓦歇山顶，阳光下熠熠生辉。宫殿外墙收分明显，厚重稳固。内部楼梯陡峭，空间错落有致。红宫西有寂圆满殿，东有殊胜三界殿，各有特色。白宫最大的殿堂是东大殿，是达赖举行坐床、亲政大典的地方。红宫内灵塔殿供奉五世至十三世达赖灵塔，其中五世达赖灵塔高14.85米，用黄金3721公斤，镶嵌宝石上万颗。""",2
7,material,材料与工艺,"""主体为石木结构，外墙用花岗石砌筑，厚达2-5米，收分明显，稳固雄伟。内部木柱、梁架粗壮，雕梁画栋，彩绘精美。屋顶覆盖鎏金铜瓦，金顶群为歇山顶，屋脊装饰宝瓶、共命鸟等。灵塔殿内供奉五世达赖至十三世达赖的灵塔，用黄金包裹，镶嵌宝石。壁画总面积达2500余平方米，内容多为佛教故事、历史事件，如文成公主进藏图、五世达赖觐见顺治帝图等。木雕、石刻、唐卡等工艺精湛。红宫内的司西平措大殿，有48根木柱，可容纳500名喇嘛诵经。白宫内的东大殿，有木柱30根，壁画绘有藏族起源、历代达赖传记等。""",3
7,culture,文化价值,"""作为世界文化遗产，布达拉宫是藏式建筑的杰出代表，也是西藏政教合一历史的见证。它保存有大量珍贵文物和佛教艺术品，包括佛经、佛像、唐卡、法器，是研究藏传佛教和藏族文化的宝库。布达拉宫也是藏汉民族团结的象征，文成公主的故事在此传颂。每年吸引大量朝圣者和游客，是西藏最重要的文化地标。其建筑艺术对藏传佛教寺院建筑产生了深远影响。布达拉宫与大昭寺、罗布林卡共同构成拉萨的历史文化核心区。宫内藏有大量珍贵文物，如贝叶经、藏文典籍、皇帝敕封、金印金册等，是研究西藏历史、宗教、艺术的第一手资料。布达拉宫还是藏传佛教信徒的朝圣圣地，每天都有众多信徒围绕宫殿转经。""",4
8,history,历史沿革,"""北京天坛位于北京东城区永定门内大街，始建于明永乐十八年（1420年），是明清皇帝祭天祈谷的场所。初名天地坛，合祭天地。明嘉靖九年（1530年）因祭地另建地坛，1530年改称天坛，专门祭天。清乾隆年间进行大规模改建，将祈年殿改为三重檐圆形攒尖顶，形成现存格局。1998年被列为世界文化遗产。天坛是中国古代祭天礼仪的最高体现，延续了近500年。明清22位皇帝在此举行过654次祭天大典。天坛的建造与北京城的中轴线规划密切相关，其位置、朝向、布局均严格遵循礼制。天坛的改建和修缮历代不绝，如清乾隆十六年（1751年）将祈年殿改为蓝琉璃瓦，象征蓝天。光绪十五年（1889年）祈年殿遭雷火焚毁，次年按原样重建。""",1
8,structure,结构成就,"""天坛占地273万平方米，约为故宫四倍。主要建筑有祈年殿、皇穹宇、圜丘坛等，均沿中轴线布置。祈年殿为三重檐圆形攒尖顶，高38米，直径32.72米，象征天圆地方，内部结构精巧，无大梁长檩，依靠28根金丝楠木大柱支撑，中央四根龙井柱代表四季，中层十二根金柱代表十二个月，外层十二根檐柱代表十二时辰。坛域广阔，古柏森森。圜丘坛为三层石坛，每层栏板望柱数目均为九的倍数，象征九重天。皇穹宇单檐攒尖顶，周围有回音壁、三音石等声学建筑。祈年殿前有祈谷坛，为三层石台，与祈年殿相连。皇穹宇供奉皇天上帝神版，周围回音壁可传递声波。""",2
8,material,材料与工艺,"""祈年殿采用木结构，28根金丝楠木大柱支撑，分别象征四季、十二个月等。殿顶覆盖蓝色琉璃瓦，寓意蓝天。坛面用汉白玉铺砌，栏板望柱雕刻精美。圜丘坛为三层石坛，坛面、栏板、望柱均用艾叶青石，石料打磨精细，缝隙严密。皇穹宇周围回音壁用磨砖对缝砌成，可传递声波。三音石位于皇穹宇殿前，可听到三次回音。天坛内有大量古柏，树龄数百年，其中九龙柏树龄逾500年，树干扭曲如九龙盘旋。祈年殿内藻井精美，彩绘金龙。圜丘坛中心有一圆形石板，名“天心石”，站在其上发声，声音格外洪亮。""",3
8,culture,文化价值,"""北京天坛是世界上最大的祭天建筑群，1998年被列为世界文化遗产。它体现了中国古代“天人合一”的宇宙观和建筑艺术的高度成就，是研究礼制建筑和古代科技的珍贵实例。天坛的建筑设计融入了大量天文、历法、阴阳五行学说，是中国古代哲学与建筑完美结合的典范。天坛的声学建筑是古代建筑声学的杰出成就。天坛的古柏与建筑相映成趣，营造出庄严肃穆的氛围。天坛也是北京重要的旅游景点，每年冬至和春节都有仿古祭天仪式。天坛的祭天礼仪被列入国家级非物质文化遗产。天坛的圜丘坛、祈年殿、皇穹宇等建筑，不仅是中国古代建筑的杰作，也是世界建筑史上的瑰宝。天坛还体现了中国古代帝王“敬天法祖”的统治思想。""",4
9,history,历史沿革,"""西安大雁塔位于西安大慈恩寺内，始建于唐永徽三年（652年），为保存玄奘从印度带回的佛经和佛像而建。初为五层砖塔，武则天长安年间（701-704年）改建为七层，后多次改建，明代加固成现存的七层楼阁式砖塔。玄奘曾在此翻译佛经，创立唯识宗。1961年被列为第一批全国重点文物保护单位。大雁塔是唐代长安城的重要地标，也是唐代中外文化交流的象征。大雁塔与玄奘法师紧密相连，是唯识宗祖庭。唐中宗神龙年间（705-707年）开始，新科进士有“雁塔题名”的习俗，白居易曾题诗：“慈恩塔下题名处，十七人中最少年。”历代修缮，如五代后唐长兴年间（930-933年）、北宋太平兴国年间（976-984年）、明万历三十二年（1604年）均有重修。明万历年间在塔外包砌一层厚砖，使塔体更加坚固。""",1
9,structure,结构成就,"""塔高64.5米，共七层，平面呈方形，每层有券门，可登临远眺。塔身仿木结构，用青砖砌成，各层逐渐收分，造型简洁稳重。底层四面石门上有精美线刻佛像，传为唐代阎立本所绘。塔内设木梯，可盘旋而上。各层塔檐用砖叠涩出檐，檐下砌成仿木斗拱。底层南门两侧镶嵌有褚遂良书写的《大唐三藏圣教序》和《述三藏圣教序记》碑，均为楷书精品。塔顶为砖砌宝瓶形刹。塔底层南门两侧砖龛内，有唐代线刻佛像，线条流畅，为唐代线刻精品。塔内各层有佛龛，内置佛像，多为明清补塑。塔身各层四面开券门，可凭栏远眺西安城景。""",2
9,material,材料与工艺,"""全部用青砖砌筑，砖缝用黄泥和糯米浆黏合，坚固耐久。塔身内部有木梯盘旋而上。底层南门两侧镶嵌有褚遂良书写的《大唐三藏圣教序》和《述三藏圣教序记》碑，均为楷书精品。塔内原有唐代壁画，现已不存。各层有佛龛，内置佛像。底层四面石门上线刻佛像，为唐代线刻精品。塔身外表包砖，内部为夯土。明代加固时，在塔身外包砌了一层厚砖，使塔体更加坚固。所用青砖规格统一，烧制精良，砖面光滑。塔檐用砖叠涩出檐，出檐深度逐层递减，形成优美的轮廓线。""",3
9,culture,文化价值,"""大雁塔是唐代佛教建筑的重要遗存，也是西安的标志性建筑。它见证了玄奘西行取经的壮举和佛教中国化的历程，是唐代中外文化交流的象征。历代文人题咏甚多，如杜甫“高标跨苍天”诗句。大雁塔也是唐代进士题名处，称为“雁塔题名”。1961年被列为全国重点文物保护单位，是丝绸之路世界文化遗产的一部分。大雁塔与玄奘法师紧密相连，是唯识宗祖庭。大雁塔北广场有亚洲最大的音乐喷泉，与古塔相映成趣。大慈恩寺内还有玄奘三藏院，展示玄奘生平事迹。大雁塔不仅是佛教圣地，也是西安的文化名片，每年吸引大量游客。塔内藏有玄奘顶骨舍利（部分），是佛教徒朝拜的圣物。""",4
10,history,历史沿革,"""山西晋祠圣母殿位于太原市晋祠博物馆内，是为纪念周武王次子叔虞而建。圣母殿是晋祠的主体建筑，始建于北宋天圣年间（1023-1032年），崇宁元年（1102年）重修，是宋代建筑的代表作。殿内供奉叔虞之母邑姜（姜子牙之女），故称圣母殿。明清两代均有修缮，但主体结构和主要构件保留宋代原貌。1961年被列为第一批全国重点文物保护单位。晋祠圣母殿与鱼沼飞梁、献殿并称晋祠三大国宝建筑。据《太原县志》记载，圣母殿原名“女郎祠”，后改称圣母殿。宋元祐二年（1087年），殿前增建献殿，用于祭祀。金大定八年（1168年）重修，明万历年间（1573-1620年）重建殿顶，清乾隆年间（1736-1795年）重修殿内塑像。""",1
10,structure,结构成就,"""殿身面阔七间（26.7米），进深六间（21.15米），重檐歇山顶。殿身采用减柱法，殿内无柱，空间开阔，为宋代建筑革新之典范。前檐廊深两间，廊柱上盘绕八条木雕蟠龙，栩栩如生，是国内现存最早的木雕盘龙柱，龙身遒劲，神态各异，体现了宋代木雕的高超技艺。斗拱用材硕大，下檐五铺作，上檐六铺作。殿顶琉璃瓦剪边，脊饰吻兽精美。殿身周匝副阶，形成重檐。殿前月台宽敞，与鱼沼飞梁相连。鱼沼飞梁为十字形石桥，是国内孤例，桥面由34根石柱支撑，上铺十字形桥面，中央与圣母殿月台相接，四向延伸至沼岸。""",2
10,material,材料与工艺,"""木材为主要材料，柱网布局独特，斗拱硕大。殿内彩塑侍女像43尊，为宋代原作，神态各异，艺术价值极高，被誉为“晋祠三绝”之一。塑像比例匀称，衣纹流畅，面部表情丰富，展现了宋代雕塑写实之风。殿顶覆盖琉璃瓦，吻兽精美。廊柱上木雕蟠龙，采用圆雕、浮雕结合，形象生动。殿内梁栿施彩绘，为清代重妆。台基用石砌，前设踏步。鱼沼飞梁为石柱、石梁，上铺石板，柱头有雕花。圣母殿前檐廊柱上的蟠龙，为整木雕成，龙身盘曲，龙爪怒张，极具动感。侍女像中有手持乐器、如意、盥洗用具者，神态各异，栩栩如生。""",3
10,culture,文化价值,"""晋祠圣母殿是宋代建筑艺术和雕塑艺术的瑰宝，其减柱法和木雕盘龙柱在中国建筑史上具有重要地位。1961年被列为第一批全国重点文物保护单位。殿内彩塑侍女像，尤其是手持乐器、如意等物的侍女，被誉为古今中外最伟大的雕塑作品之一。晋祠本身融合了园林、建筑、雕塑、碑刻等多种艺术，是研究中国古代文化和艺术的宝库。晋祠的难老泉、周柏、侍女像并称“晋祠三绝”。圣母殿前的鱼沼飞梁，是中国现存唯一的古代十字形桥梁。殿内还有宋代《晋祠铭》等碑刻，记载了晋祠的历史。晋祠圣母殿的建筑风格和雕塑艺术，对后世影响深远，是宋代建筑和雕塑的典范。""",4
11,history,历史沿革,"""曲阜孔庙位于山东曲阜市中心，是祭祀孔子的本庙。始建于孔子卒后第二年（前478年），以孔子故居为庙，收藏孔子衣冠琴书。后历代不断扩建，至明清达到现有规模，仿皇宫之制，九进院落，占地约14万平方米。与孔府、孔林并称“三孔”，1994年被列为世界文化遗产。孔庙是中国古代祭祀建筑的最高典范，见证了儒家思想的传承和发展。历代帝王多有亲临致祭，或遣官代祭，留下大量碑刻。汉高祖刘邦、东汉光武帝刘秀、唐高宗李治、唐玄宗李隆基、宋真宗赵恒、清康熙帝、乾隆帝都曾亲临致祭。孔庙历经2000余年，历代增修，现存建筑主要为明清两代所建，但保留了宋金元等时期的碑刻和遗迹。""",1
11,structure,结构成就,"""孔庙有殿、堂、阁等建筑100余座，沿中轴线对称布局。大成殿为主体建筑，面阔九间，重檐歇山顶，殿周回廊，檐下28根石雕龙柱，每根高5.98米，直径0.81米，深浮雕云龙纹，两山及后檐为浅浮雕，前檐十根为深浮雕，双龙戏珠，工艺精湛。殿内供奉孔子像，上悬“万世师表”匾额。奎文阁为藏书楼，三层木结构，高24.7米，飞檐斗拱，宏伟壮观。十三碑亭内存有唐至民国碑刻53通，包括唐《孔子庙堂碑》、宋《大观圣作之碑》等。杏坛为孔子讲学处，重檐方亭，四周杏树环绕。大成门、大成殿、寝殿等依次排列，形成完整的祭祀建筑群。""",2
11,material,材料与工艺,"""大成殿石柱为整石雕刻，深浮雕云龙纹，气势磅礴，为明代弘治年间遗物。殿内金柱楠木，斗拱交错。屋顶铺黄琉璃瓦，与皇宫规制相同。庙内碑刻林立，历代帝王御碑众多，如汉碑、唐碑、宋碑、元明清碑等，总计2000余块，是中国碑刻艺术的重要收藏。十三碑亭内存有唐至民国碑刻53通，碑文涉及修庙、祭祀等内容。建筑墙体用青砖，抹灰刷红。大成殿前露台宽敞，为祭祀场所，石栏望柱雕刻精美。奎文阁内有木制楼梯，可登楼观景。十三碑亭的碑刻涵盖了篆、隶、楷、行、草各种书体，是研究中国书法史的珍贵资料。""",3
11,culture,文化价值,"""曲阜孔庙是中国三大古建筑群之一，1994年与孔府、孔林一起被列为世界文化遗产。它是儒家文化的精神象征，见证了历代尊孔崇儒的传统，具有极高的历史和文化价值。孔庙的建筑规制和祭祀礼仪，体现了中国古代礼制文化的精髓。两千多年来，孔庙一直是祭祀孔子的圣地，也是研究儒家思想和中国历史的中心。孔庙的石刻、碑帖是研究书法史的重要资料。每年孔子诞辰，孔庙都会举行盛大的祭孔大典。孔庙内还设有孔子生平事迹陈列，展示孔子周游列国、删述六经的史迹。孔庙不仅是中国的文化遗产，也是世界儒学研究的重要中心，每年吸引大量国内外学者和游客。""",4
12,history,历史沿革,"""承德避暑山庄位于河北承德市中心北部，始建于清康熙四十二年（1703年），经康熙、雍正、乾隆三代，历时89年建成。是清代皇帝夏日避暑和处理政务的场所，也是中国现存最大的皇家园林。周边分布有外八庙，融合汉、藏、蒙等民族建筑风格，形成众星捧月之势。1994年被列为世界文化遗产。避暑山庄的兴建，与清代多民族国家的统一和巩固密切相关。清朝康熙、乾隆皇帝每年约有半年时间在此处理政务，接见少数民族首领和外国使节。山庄建成后，康熙皇帝以四字题名三十六景，乾隆皇帝以三字题名三十六景，合称“避暑山庄七十二景”。外八庙包括普宁寺、普陀宗乘之庙、殊像寺等12座寺庙，其中8座由理藩院管理，故称外八庙。""",1
12,structure,结构成就,"""山庄占地564万平方米，分为宫殿区、湖泊区、平原区、山峦区四部分。宫殿区朴素淡雅，主殿“澹泊敬诚”用楠木建成，不施彩绘，门窗隔扇雕刻精美。湖泊区仿江南水乡，有如意洲、烟雨楼、文园狮子林等，亭台楼榭，小桥流水。平原区草原风光，有万树园、试马埭，蒙古包点缀，仿蒙古草原风情。山峦区依山就势，寺庙错落，如南山积雪、北枕双峰、锤峰落照等亭，可俯瞰全园。外八庙包括普宁寺、普陀宗乘之庙等，建筑宏伟，融合汉藏风格。普宁寺大乘阁内供奉千手千眼观音像，高22.28米，为木雕精品。普陀宗乘之庙仿布达拉宫，大红台巍峨壮观。""",2
12,material,材料与工艺,"""宫殿区以青砖灰瓦为主，朴素淡雅，主殿澹泊敬诚用楠木建成，门窗隔扇雕刻精美。湖区建筑多用木材，屋顶覆青瓦。平原区蒙古包用毡帐，可拆卸移动。山峦区寺庙采用砖石木结构，普陀宗乘之庙仿布达拉宫，大红台用花岗石砌筑，鎏金铜瓦顶。所用木材多为楠木、松木，石料取自当地。园林叠石、理水技艺高超，如仿镇江金山寺的“小金山”，用太湖石堆叠，上建亭阁。普宁寺大乘阁内木雕观音像，用松、柏、杉、榆、椴五种木材雕刻，外施彩绘，金碧辉煌。湖区建筑烟雨楼，仿嘉兴南湖烟雨楼，青砖黛瓦，小巧玲珑。""",3
12,culture,文化价值,"""避暑山庄是世界文化遗产，清代政治活动的第二中心，见证了多民族国家的巩固和民族团结。其园林艺术集中国古典园林之大成，是研究清代历史、建筑、园林的珍贵实物。外八庙融合汉、藏、蒙建筑风格，体现了清代的民族宗教政策。山庄及周围寺庙是清代帝王处理边疆事务、接见少数民族首领的重要场所，具有重要的历史意义。避暑山庄也是中国统一多民族国家形成的历史见证。每年夏季，避暑山庄都会举办清代皇家文化节，重现清代宫廷礼仪。山庄内的文津阁，曾藏有《四库全书》一部。山庄还是清代宫廷绘画的重要题材，如《避暑山庄图》等。""",4
13,history,历史沿革,"""苏州留园位于苏州阊门外，始建于明万历年间（1593年），为太仆寺少卿徐泰时的东园。清嘉庆年间归刘氏所有，改称寒碧庄，俗称刘园。光绪年间盛康购得，改名留园，并扩建，形成现有规模。1953年整修后对公众开放，1997年作为苏州古典园林扩展项目被列入世界文化遗产。留园的变迁，反映了苏州园林的传承和发展。留园以其精巧的空间布局和丰富的建筑装饰而著称。徐泰时建东园时，曾请叠山名家周时臣堆叠假山。刘氏时，园中广植白皮松，称寒碧庄。盛康时，扩建东部，增建冠云楼、冠云台等，形成现有规模。园内现存有刘氏时所刻“留园法帖”三百余方。""",1
13,structure,结构成就,"""留园以空间变换精巧著称，分东、中、西、北四部分。中部以水为主，有涵碧山房、明瑟楼、绿荫轩等，池水清澈，假山叠嶂。东部以建筑庭院见长，有五峰仙馆、揖峰轩、还我读书处等，院落深邃，冠云峰矗立其中，高6.5米，为江南园林最高太湖石。北部田园风光，有盆景园。西部山林野趣，土山枫林。长廊曲折，漏窗通透，步移景异。园内桥梁多座，以小蓬莱最为著名。东部庭院内的鸳鸯厅，为园内最大建筑，装修精美，前后厅风格不同，故名鸳鸯厅。五峰仙馆梁架雕刻精细，厅前庭院宽阔，置石峰。冠云峰四周建冠云楼、冠云亭、冠云台，形成以石峰为中心的景区。""",2
13,material,材料与工艺,"""建筑多为木结构，装修精美，如五峰仙馆梁架雕刻精细。假山以湖石堆叠，手法多样，冠云峰为北宋花石纲遗物，瘦、皱、漏、透兼备。园内长廊长700余米，墙壁嵌有历代法帖石刻300余方，称“留园法帖”。铺地多用卵石、碎瓦拼成图案。花木配置讲究，春有牡丹，夏有荷花，秋有红枫，冬有腊梅。门窗洞造型多样，有海棠式、葫芦式、月洞式等。冠云楼前有冠云台，为赏石佳处。还我读书处为一独立小院，环境清幽。揖峰轩前有石峰林立，如众星拱月。铺地图案有冰裂纹、万字纹、海棠纹等，做工精细。""",3
13,culture,文化价值,"""留园是苏州四大名园之一，1997年作为苏州古典园林扩展项目被列入世界文化遗产。其精湛的造园艺术和丰富的人文内涵，使其成为研究中国园林的重要实例。留园的冠云峰与苏州十中的瑞云峰、上海豫园的玉玲珑并称江南三大名石。园内法帖集历代名家书法，具有很高的艺术价值。留园的布局和空间处理，对现代建筑和景观设计仍有启示。留园体现了晚清园林的精致与典雅。园内“五峰仙馆”曾是园主接待宾客之处，陈设华丽。留园也是清代园林艺术的集大成者，其建筑、山石、花木、水景的搭配，达到了很高的艺术境界。园内还保留有盛康时期的生活场景，如戏台、书房等，反映了当时文人士大夫的生活情趣。""",4
14,history,历史沿革,"""山西恒山悬空寺位于山西浑源县恒山金龙峡西侧翠屏峰的峭壁上，始建于北魏太和十五年（491年），为道家所建，后经历代修缮，现存建筑主要为明清遗构，但保留了北魏风格。唐代李白曾游此寺，题“壮观”二字（现存石刻为摹刻）。明代徐霞客游历至此，叹为观止。1982年被列为全国重点文物保护单位。悬空寺是中国古代建筑的奇迹，体现了道教、佛教、儒家三教合一的宗教文化。寺内现存建筑40余间，均悬于崖壁之上。据《恒山志》记载，悬空寺原名“玄空阁”，取道家“玄之又玄”和佛家“空”之意，后因悬于峭壁，改名悬空寺。金、元、明、清历代均有修缮，现存石碑记载了明清两代的维修情况。""",1
14,structure,结构成就,"""全寺共有楼阁40余间，悬于悬崖之上，依靠崖壁上的横梁为基，楼阁间有栈道相连。建筑利用力学原理，半插飞梁为基，巧借岩石暗托，梁柱上下一体，廊栏左右相连，结构奇特。寺庙坐西朝东，有楼阁殿宇40间，分三组：南楼、北楼、长线桥。南楼有纯阳宫、三官殿、三教殿等，北楼有五佛殿、观音殿等。三教殿内供奉释迦牟尼、老子、孔子塑像，为三教合一的象征。栈道悬空，惊险异常，宽度仅可容一人通过。北楼最高处的三教殿，离地面约50米，登临其上，如临深渊。楼阁之间以栈道相连，栈道下方悬空，行走其上，惊险刺激。""",2
14,material,材料与工艺,"""主要建筑材料为木材，部分梁柱嵌入岩壁，承重合理。楼阁采用榫卯结构，表面施以彩绘。寺庙依崖而建，远望如空中楼阁，惊险奇特。崖壁上凿有横孔，插入木梁，梁上铺板立柱，构成楼阁基础。悬空寺的建造充分考虑了力学和地形，是古代木构建筑的杰作。寺内塑像多为明清重塑，但仍有古风。钟楼、鼓楼小巧精致。寺内现存石碑多通，记载历代修缮情况。所用木材为当地松木，耐腐性强。楼阁梁柱之间用榫卯连接，不用一钉。彩绘多为清代重绘，以红、绿、蓝为主色，图案有龙、凤、花卉等。""",3
14,culture,文化价值,"""悬空寺是中国仅存的佛、道、儒三教合一的独特寺庙，以其奇险的建筑特色闻名于世。它体现了古代工匠的智慧和胆识，是建筑史上的奇迹，1982年被列为全国重点文物保护单位。悬空寺不仅是建筑奇观，也是宗教融合的象征，吸引无数游客和学者。其建造技术对现代建筑抗震、悬挑结构有借鉴意义。悬空寺与恒山自然风光相得益彰，是恒山十八景之一。寺内三教殿的塑像，反映了中国古代三教合流的思想。悬空寺也是研究古代宗教、哲学、建筑的重要实物资料。每年都有大量游客前来参观，体验“悬空”的惊险与奇妙。""",4
15,history,历史沿革,"""南京明孝陵位于南京紫金山南麓，是明太祖朱元璋与马皇后的合葬陵墓。始建于洪武十四年（1381年），至永乐三年（1405年）建成，历时25年。开创了明清皇陵的规制，影响深远。清咸丰三年（1853年）遭太平天国战火破坏，同治年间部分修复。2003年被列为世界文化遗产（明清皇家陵寝扩展项目）。明孝陵是明朝开国皇帝陵寝，具有极高的历史地位。陵区布局独特，神道蜿蜒，与自然山体完美结合。朱元璋于洪武十四年开始营建孝陵，次年马皇后入葬，定名“孝陵”，取“以孝治天下”之意。洪武三十一年（1398年）朱元璋崩，葬入孝陵。永乐三年（1405年）建成大明孝陵神功圣德碑亭。此后，孝陵作为明朝皇陵之首，一直受到保护。""",1
15,structure,结构成就,"""陵区布局呈“北斗七星”状，分为神道和陵宫两部分。神道依山势蜿蜒，依次排列石兽、石望柱、石翁仲。石兽有狮子、獬豸、骆驼、象、麒麟、马等12对，石翁仲有文臣武将各2对。陵宫建筑包括文武方门、碑殿、享殿、内红门、方城明楼和宝顶。享殿原为九间重檐，现仅存台基。方城明楼为砖砌，顶部木结构已毁，宝顶为圆形土丘，直径约400米，下为地宫。明楼内立“大明孝陵神功圣德碑”，碑文由朱棣撰写。神道石刻造型雄浑，线条简练，为明初石刻艺术的杰作。石兽有卧有立，姿态各异。翁仲身着朝服，手持笏板，神态庄重。""",2
15,material,材料与工艺,"""神道石刻由整块石料雕成，造型浑厚，线条简练，代表了明初石刻艺术的最高成就。陵宫建筑为砖木结构，台基用须弥座式，雕饰精美。方城明楼为砖砌，顶部木结构已毁。宝顶为圆形土丘，下为地宫，未经发掘。所用石材多为石灰岩，木材为楠木。神道石刻底座雕刻精细，有云纹、水纹等。明楼内石碑为青石雕成，碑额雕龙。享殿台基上残存有石柱础，直径达1米余，可见当年规模之宏大。石兽底座也有雕刻，如狮子座为缠枝莲纹。""",3
15,culture,文化价值,"""明孝陵是世界文化遗产，代表了明初建筑和石刻艺术的最高成就，其陵寝制度被明清两代沿用。它是研究明代丧葬文化和历史的重要实物。孝陵的设计将人文建筑与自然环境和谐统一，神道依山势蜿蜒，开创了新的陵寝布局模式。2003年作为“明清皇家陵寝”扩展项目被列入世界遗产，与北京明十三陵、湖北明显陵等共同构成一组文化遗产。明孝陵也是南京明文化的核心遗产。每年春节，南京有“明孝陵梅花节”，赏梅与谒陵相结合。孝陵的规制，如神道石像生、方城明楼、宝顶等，为后世明清皇陵所效仿，影响深远。""",4
16,history,历史沿革,"""山西芮城永乐宫位于山西芮城县，原址在永乐镇，是为纪念道教全真派祖师吕洞宾而建。始建于元定宗二年（1247年），至元至正十八年（1358年）竣工，历时111年。因三门峡水库修建，1959年至1964年整体迁移至现址，搬迁工程浩大，成功保护了壁画和建筑。1961年被列为第一批全国重点文物保护单位。永乐宫是元代道教宫观的典范，其壁画艺术价值极高。永乐宫与北京白云观、陕西重阳宫并称全真派三大祖庭。原址永乐镇相传为吕洞宾故里，唐代即建有吕公祠，金末改祠为观，元初升观为宫。永乐宫由全真教大师宋德方首倡，其弟子潘德冲主持修建，历时百余年，元末才全部建成。""",1
16,structure,结构成就,"""永乐宫由宫门、龙虎殿、三清殿、纯阳殿、重阳殿等组成，沿中轴线排列，东西不设配殿，布局疏朗。三清殿为主体建筑，面阔七间，进深四间，单檐庑殿顶，殿内四壁满绘《朝元图》壁画，高4.26米，全长94.68米，面积403.34平方米，描绘道教神祇朝拜元始天尊的宏大场面，人物多达286尊，气势恢宏。纯阳殿绘吕洞宾故事画52幅，重阳殿绘王重阳故事画49幅。龙虎殿绘神荼、郁垒等神像。壁画总面积达1000余平方米。三清殿殿顶用黄绿蓝三色琉璃瓦，正脊有琉璃鸱吻。殿内神龛供奉三清像，已毁。""",2
16,material,材料与工艺,"""建筑为木结构，梁架规整，斗拱疏朗。壁画采用矿物颜料绘制，以石青、石绿、朱砂为主，色彩绚丽，人物线条流畅，形象生动，是中国古代壁画的巅峰之作。壁画绘制于元代，作者为洛阳画工马君祥及其弟子，继承唐宋壁画传统，具有极高的艺术价值。搬迁时，壁画被分割成550余块，依次揭取，运输后再复原安装，技术难度极大。建筑构件拆卸后编号，重新组装。三清殿内壁画人物高达2米，神态各异，衣冠服饰、仪仗器物均描绘精细，是研究元代社会生活、宗教仪轨的珍贵资料。""",3
16,culture,文化价值,"""永乐宫是元代道教建筑的典型代表，其壁画艺术价值极高，被誉为“东方艺术画廊”。1961年被列为第一批全国重点文物保护单位，其整体迁移工程也是文物保护史上的壮举。永乐宫壁画不仅是道教艺术的杰作，也是研究元代社会、服饰、宗教的重要资料。它与敦煌壁画、山西壁画一起构成中国壁画艺术的三大宝库。永乐宫的建筑和壁画完整保存了元代风貌，是道教全真派的重要祖庭。每年都有大量学者和游客前来参观研究。永乐宫的壁画艺术对后世绘画产生了深远影响，尤其是人物画的线条运用，达到了极高的水平。""",4
17,history,历史沿革,"""云南丽江古城位于云南丽江市，始建于宋末元初，兴盛于明清。是纳西族的聚居地，融合了汉、藏、白等多民族文化。古城未受中原建城礼制影响，布局自由，水系独特。1997年被列为世界文化遗产，遗产区包括大研古城、白沙民居建筑群、束河民居建筑群。丽江古城是茶马古道上的重要集市，见证了西南地区的商贸和文化交流。古城内木府是丽江土司衙署，建筑宏伟。据《丽江府志》记载，古城始建于南宋宝祐元年（1253年），元初设丽江路宣抚司，明洪武十五年（1382年）设丽江府，木氏土司大兴土木，扩建城池。清代改土归流后，古城仍是纳西族政治、经济、文化中心。""",1
17,structure,结构成就,"""古城以四方街为中心，街道依山就势，四通八达，主街傍河，小巷临水。建筑多为“三坊一照壁”或“四合五天井”的纳西族传统民居，木结构，土坯墙，青瓦顶。门窗雕刻精美，常见花鸟鱼虫图案。桥梁众多，有锁翠桥、大石桥等。黑龙潭为水源，水流入城，分三股主流，再分无数细流，穿街绕巷，形成“家家流水，户户垂杨”的独特景观。木府是土司衙门，建筑宏伟，有议事厅、万卷楼、护法殿等。四方街为古城中心，四周店铺林立，是古代集市贸易场所。街道用五花石铺砌，雨季不泥泞，旱季不扬尘。""",2
17,material,材料与工艺,"""墙体多用当地石材或土坯，木材为松木，雕花门窗精美。屋顶铺小青瓦，出檐深。街道铺五花石，经久耐磨，雨季不泥泞。水系由黑龙潭流入，穿街绕巷，家家流水。民居装修多用木雕，题材有福禄寿喜、渔樵耕读等。三坊一照壁的正房较高，厢房略低，照壁白墙，可反射光线。门窗多用镂空雕，层次丰富。木府建筑用材讲究，梁柱粗大，彩绘华丽，融合汉、藏、白族建筑风格。黑龙潭为古城水源，水质清澈，潭边有得月楼、五凤楼等建筑。""",3
17,culture,文化价值,"""丽江古城是世界文化遗产，是纳西族文化和建筑艺术的宝库，也是人与自然和谐共存的典范。其独特的城市格局和建筑风格，以及东巴文化，具有重要的研究价值。东巴象形文字是世界上唯一仍在使用的象形文字，东巴经卷记录了纳西族的宗教、历史、医学等知识。古城的纳西古乐融合了唐宋音乐和纳西民间音乐，被誉为“音乐活化石”。丽江古城也是多元文化交流的见证，每年吸引大量游客。古城内的四方街，至今仍是当地居民的社交中心。木府是研究纳西族土司制度和民族关系的重要实物。""",4
18,history,历史沿革,"""安徽宏村位于安徽黟县，始建于南宋绍兴年间（1131-1162年），明清时期形成规模。为汪姓聚居之地，村落规划巧妙，水系发达，被誉为“中国画里的乡村”。2000年被列为世界文化遗产，与西递一起作为“皖南古村落”入选。宏村是徽商文化的代表，也是徽派建筑艺术的集中体现。宏村汪氏宗族历代重视教育，村中建有南湖书院。据《宏村汪氏宗谱》记载，宏村汪氏始祖汪彦济于南宋绍兴元年（1131年）迁居于此，逐步发展成村。明永乐年间（1403-1424年），汪思齐等人规划建设了牛形水系。清代是宏村的鼎盛时期，徽商汪定贵等人斥巨资修建豪宅，如承志堂。""",1
18,structure,结构成就,"""宏村采用“牛形”布局，以雷岗山为牛头，村口古树为牛角，村内建筑为牛身，水系为牛肠、牛胃。南湖为牛肚，月沼为牛胃，水圳贯穿全村，长1200余米，户户通水。建筑多为徽派风格，粉墙黛瓦，马头墙错落。主要建筑有南湖书院、承志堂、乐叙堂等。承志堂为清末大盐商汪定贵住宅，规模宏大，有“民间故宫”之称，木雕精美。乐叙堂为汪氏宗祠。南湖书院建于清代，是村中子弟读书之所，有“以文家塾”等建筑。水圳流经家家户户，既可供生活用水，又可调节气候、防火、排水。""",2
18,material,材料与工艺,"""建筑以砖木结构为主，白墙黑瓦，雕梁画栋。石雕、砖雕、木雕“三雕”技艺精湛，装饰题材丰富，如戏曲人物、神话故事、花鸟鱼虫。巷道铺青石板，水圳用石块砌成，水质清澈。承志堂的木雕，如“唐肃宗宴官图”、“渔樵耕读”等，层次丰富，人物生动。砖雕用于门楼，图案繁复。石雕用于柱础、栏杆。马头墙高低错落，青瓦滴水。村口古树为红杨、银杏，树龄数百年。南湖书院建筑为典型的徽派风格，白墙黛瓦，与南湖景色相映成趣。水圳每隔一段设一水闸，可控制水流，设计科学。""",3
18,culture,文化价值,"""宏村是世界文化遗产，皖南古村落的杰出代表。其科学的水系设计、独特的村落布局和精美的徽派建筑，集中体现了中国古代农耕文化的智慧和审美。宏村的水系不仅满足生活用水，还能调节气候、防火、排水，是古代村落规划的优秀范例。宏村的徽商文化、宗族文化也是研究明清社会经济的重要材料。宏村与西递一起，展示了徽州古村落的独特魅力。村中月沼倒映白墙黛瓦，是摄影爱好者的天堂。承志堂的木雕被誉为“民间故宫”，是研究清代徽派木雕艺术的珍贵实物。南湖书院体现了徽商“贾而好儒”的传统。""",4
19,history,历史沿革,"""北京颐和园位于北京海淀区，前身为清漪园，始建于清乾隆十五年（1750年），为庆祝母后寿辰而建。1860年被英法联军焚毁，光绪十四年（1888年）重建，更名颐和园，成为慈禧太后的颐养之所。1900年又遭八国联军破坏，1902年修复。1924年对公众开放。1998年被列为世界文化遗产。颐和园是中国皇家园林的集大成者，见证了晚清历史的兴衰。慈禧太后曾长期在此居住，处理朝政。乾隆皇帝为庆祝母后崇庆皇太后六十寿辰，于乾隆十五年（1750年）开始兴建清漪园，乾隆二十九年（1764年）建成。咸丰十年（1860年）英法联军焚毁清漪园，仅剩铜亭、石舫等少数建筑。光绪十二年（1886年）慈禧太后挪用海军经费重建，光绪十四年（1888年）改名颐和园。""",1
19,structure,结构成就,"""全园以万寿山和昆明湖为主体，占地约290公顷，水面约占四分之三。佛香阁耸立山前，为八面三层四重檐木结构，高41米，气势宏伟，是全园中心。长廊728米，连接各处景点，枋梁上绘有彩画14000余幅，有“画廊”之称。西堤仿杭州苏堤，湖中岛屿点缀，有南湖岛、治镜阁、藻鉴堂等。后山后湖幽静，有苏州街等。建筑群依山傍水，布局巧妙。石舫“清晏舫”用巨石雕筑，长36米。十七孔桥长150米，桥栏望柱雕石狮544只。佛香阁建在20米高的石台基上，八面三层，四重屋檐，气势雄伟。""",2
19,material,材料与工艺,"""佛香阁为八面三层四重檐木结构，高41米，气势宏伟，内部梁架用楠木，外檐彩绘。长廊枋梁上绘有彩画14000余幅，内容为山水、花鸟、人物故事。石舫“清晏舫”用巨石雕筑，长36米，船体为石材，上层为木结构。建筑多用楠木、松木，琉璃瓦顶。昆明湖东堤有铜牛，牛身用铜铸成，神态生动。十七孔桥石狮雕刻精美。苏州街店铺仿江南水乡，建筑小巧精致。德和园大戏楼为三层，高21米，是清代三大戏楼之一。排云殿为慈禧太后祝寿之所，殿前有排云门、二宫门，建筑华丽。""",3
19,culture,文化价值,"""颐和园是世界文化遗产，中国皇家园林的典范，集中了中国古典园林艺术的精髓。它见证了晚清历史的变迁，是研究清代政治、文化和园林艺术的重要载体。颐和园的设计融合了自然山水和人工建筑，体现了“虽由人作，宛自天开”的造园理念。其长廊彩画、佛香阁、石舫等都是中国园林艺术的杰作。颐和园也是慈禧太后生活的重要场所，充满了历史故事。园内德和园大戏楼，是清代三大戏楼之一。颐和园与承德避暑山庄、苏州拙政园、苏州留园并称中国四大名园。园内还藏有大量文物，如铜龙、铜凤、铜麒麟等。""",4
20,history,历史沿革,"""山西五台山南禅寺大殿位于山西五台县阳白乡李家庄，大殿建于唐建中三年（782年），是中国现存最早的木结构建筑，比佛光寺东大殿早75年。原为小寺，历代修缮，但大殿主体保持唐代原貌。1953年被重新发现，1961年被列为第一批全国重点文物保护单位。南禅寺的发现，将中国木构建筑的历史提前了75年，具有划时代的意义。寺内还有唐代石狮、石塔等遗存。据《五台县志》记载，南禅寺原为民间小庙，历代维修，宋、元、明、清均有修缮，但大殿始终未大动，保存了唐代风格。1953年山西省文物普查时发现，引起轰动。""",1
20,structure,结构成就,"""大殿面阔三间（11.62米），进深三间（9.9米），单檐歇山顶。平面呈方形，殿内无柱，梁架结构简练，为四椽栿通檐用两柱，梁栿月梁造，斗拱雄健（五铺作双抄偷心造），出檐深远，体现了唐代建筑的稳健风格。殿内佛坛宽8.4米，深6.3米，高0.7米，上有唐代彩塑17尊，包括佛、菩萨、弟子、童子等，均为原物，保存基本完好。殿顶举折平缓，脊饰简洁，正脊两端设鸱尾。殿身四周有檐柱12根，柱头卷杀圆和，有侧脚。殿内无天花，梁架结构一目了然。""",2
20,material,材料与工艺,"""木材选用当地松木，构件加工规整。梁架采用“彻上明造”，无天花板，可见木构之美。斗拱用材硕大，比例和谐。殿顶铺青瓦，脊饰简洁。彩塑为唐代原作，佛像面相丰润，菩萨体态优美，弟子神情各异，衣纹流畅，敷色以朱砂、石绿为主，虽经后世重妆，但唐风犹存。佛坛束腰处有唐代砖雕，图案精美。殿门为板门，门钉整齐。殿前有唐代石狮一对，造型古朴。寺内还有唐代石塔一座，雕刻精美。殿内佛坛上的彩塑，主像释迦牟尼佛，两侧为文殊、普贤菩萨，以及阿难、迦叶二弟子，还有供养菩萨、童子等。""",3
20,culture,文化价值,"""南禅寺大殿是研究唐代建筑最重要的实物资料，其梁架结构、斗拱形制、彩塑艺术均为唐代原物，具有不可替代的价值。1961年被列为第一批全国重点文物保护单位。它的发现，将中国现存木构建筑的历史提前了75年，为研究唐代建筑提供了珍贵范本。殿内彩塑是除敦煌外罕见的唐代寺院雕塑，艺术价值极高。南禅寺大殿的斗拱、梁架结构是唐代建筑的典型代表。寺内还有唐代石狮、石塔，是研究唐代雕塑艺术的重要资料。南禅寺虽小，但保存了唐代建筑的原貌，其历史价值不亚于佛光寺。""",4
21,history,历史沿革,"""广州陈家祠，又称陈氏书院，位于广州中山七路，建于清光绪十四年至二十年（1888-1894年），是广东省七十二县陈姓宗族集资兴建的合族祠，兼具祠堂和书院功能。1959年被辟为广东民间工艺博物馆，1988年被列为全国重点文物保护单位。陈家祠是岭南祠堂建筑的巅峰之作，也是晚清广州商贸繁荣的产物。陈家祠的建筑装饰极尽繁复，被誉为“岭南建筑艺术的明珠”。据《陈氏族谱》记载，倡议建祠者为陈伯陶等广东陈姓士绅，得到全省陈姓族人响应，共集资白银万余两。光绪十四年（1888年）动工，光绪二十年（1894年）建成。民国时期曾作为学校，1959年改建为博物馆。""",1
21,structure,结构成就,"""建筑坐北朝南，平面呈正方形，主体建筑有头门、聚贤堂、后堂及东西厢房，以廊庑相连，形成“三进三路九堂两厢”的格局。布局严谨，空间通透。聚贤堂为祠堂正厅，面阔五间，硬山顶，厅内宽敞，是族人议事聚会之所。东西厢房为书院，有斋舍。建筑装饰极其精美，集岭南建筑装饰艺术之大成。后堂供奉祖先牌位。头门两侧有石鼓，雕刻精美。聚贤堂前有月台，石栏杆雕刻精美。后堂前有庭院，东西两廊连接前后。""",2
21,material,材料与工艺,"""陈家祠大量运用木雕、石雕、砖雕、陶塑、灰塑、铁铸等“三雕两塑一铸”工艺。木雕主要施于梁架、门窗、屏风，题材有人物故事、花鸟虫鱼。石雕用于柱础、栏杆，雕刻精美。砖雕装饰外墙，尤其是头门两侧的砖雕，人物生动，层次丰富。陶塑为瓦脊上的人物故事，色彩绚丽。灰塑施于屋脊、山墙，题材丰富。铁铸为栏杆、花架，工艺精湛。全部装饰繁复华丽，不留空白。聚贤堂内木雕屏风，雕刻戏曲人物百余个。头门两侧砖雕，有“百鸟朝凤”、“群仙祝寿”等题材。""",3
21,culture,文化价值,"""陈家祠是岭南地区最具代表性的宗祠建筑，被誉为“岭南建筑艺术的明珠”。1988年被列为全国重点文物保护单位，现为广东民间工艺博物馆，收藏大量广东民间工艺品，是研究岭南文化和民间工艺的重要基地。陈家祠的建筑装饰反映了清末广州的商贸繁荣和民间艺术的兴盛，也是广府文化的重要象征。陈家祠与广州的海外贸易、华侨文化也有密切联系。每年都有大量游客和学者前来参观研究。陈家祠的装饰工艺，如木雕、砖雕、陶塑等，代表了岭南民间工艺的最高水平，是研究清代岭南艺术的重要实物。""",4
22,history,历史沿革,"""四川都江堰位于四川都江堰市，建于战国末期秦昭襄王时期（约公元前256年），由蜀郡守李冰父子主持修建。是世界上现存最古老的无坝引水水利工程，至今仍灌溉成都平原。历代不断维修，汉代设都水尉，宋代设提举，明清设水利同知。2000年被列为世界文化遗产（与青城山一起）。都江堰的建成，使成都平原成为“天府之国”，是中国古代水利工程的奇迹。李冰父子被后人尊为“川主”，建有二王庙祭祀。据《史记·河渠书》记载，李冰“凿离堆，辟沫水之害，穿二江成都之中”，即指都江堰。汉、唐、宋、元、明、清历代均有维修，并留下大量碑刻记载。1933年叠溪地震，都江堰受损，后修复。""",1
22,structure,结构成就,"""主要由鱼嘴分水堤、飞沙堰溢洪道、宝瓶口进水口三大主体工程组成。鱼嘴建在江心，将岷江分为内外江，内江引水灌溉，外江排洪。飞沙堰位于鱼嘴和宝瓶口之间，溢洪排沙，将多余水和泥沙排入外江。宝瓶口由人工开凿玉垒山而成，是内江进水口，宽20米，高40米，长80米，形似瓶颈，控制流量。三大工程相互配合，构成完善的引水、防洪、排沙体系。此外还有百丈堤、人字堤等辅助工程。渠首工程岁修遵循“深淘滩，低作堰”原则。鱼嘴用混凝土浇筑，但保持传统形制。飞沙堰仍用竹笼卵石堆叠。""",2
22,material,材料与工艺,"""早期采用竹笼、卵石筑堤，后逐步改为石砌。鱼嘴用大卵石砌筑，飞沙堰以竹笼卵石堆叠，宝瓶口由人工开凿玉垒山而成。历代不断维修，技术成熟。明代开始用铁桩固定鱼嘴，清代用条石砌筑。都江堰的管理制度完善，每年岁修，遵循“深淘滩，低作堰”的古训。现鱼嘴为混凝土浇筑，但保持传统形制。飞沙堰仍用竹笼卵石。宝瓶口两岸岩石上，有历代水文石刻。离堆公园内有李冰石像、堰工石像等出土文物。""",3
22,culture,文化价值,"""都江堰是世界文化遗产，中国古代水利工程的杰出代表，体现了“道法自然”的哲学思想和卓越的工程技术。它使成都平原成为“天府之国”，2000年被列入世界遗产名录。都江堰的无坝引水、自动分流、自动排沙等设计，至今仍是水利工程的典范。李冰父子被后人尊为“川主”，建有二王庙祭祀。都江堰与青城山一起，构成了自然与文化双重遗产。每年清明，都江堰会举行放水节，纪念李冰父子。都江堰的岁修制度，体现了中国古代科学的管理理念，对现代水利管理仍有借鉴意义。""",4
23,history,历史沿革,"""甘肃敦煌莫高窟位于甘肃敦煌市东南25公里鸣沙山东麓崖壁上，始建于前秦建元二年（366年），历经北朝、隋、唐、五代、西夏、元等朝代连续营建，现存洞窟735个，壁画4.5万平方米，彩塑2400余身。1900年藏经洞被发现，出土5万余件文献。1987年被列为世界文化遗产。莫高窟是世界上规模最大、内容最丰富的佛教艺术圣地，是丝绸之路上的璀璨明珠。莫高窟与云冈石窟、龙门石窟并称中国三大石窟。据唐《李克让重修莫高窟佛龛碑》记载，前秦建元二年（366年），沙门乐僔行至此山，忽见金光，状有千佛，遂开窟造像。此后法良禅师等继续开凿。北朝、隋、唐、五代、西夏、元均有开凿。明嘉靖年间，吐鲁番占据敦煌，莫高窟被废弃。清光绪二十六年（1900年），王道士发现藏经洞。""",1
23,structure,结构成就,"""洞窟分为禅窟、中心塔柱窟、殿堂窟等形制，木构窟檐和栈道连接各层。壁画内容丰富，有佛教故事、经变画、供养人像、装饰图案等，构成世界最大的佛教艺术宝库。彩塑有圆雕、浮雕、影塑，题材为佛、菩萨、弟子、天王等。最大佛像高35.5米（第96窟），最小仅2厘米。窟外原有木构殿阁，现存唐宋木构窟檐多处，如第196窟的唐代木构窟檐，是研究唐代建筑的珍贵实例。第16窟前的木构窟檐为宋代建筑。洞窟形制多样，北魏的中心塔柱窟、隋唐的殿堂窟、西夏的覆斗顶窟等，各具特色。""",2
23,material,材料与工艺,"""开凿于鸣沙山崖壁，岩体为砾岩，疏松不宜雕刻，故采用泥塑彩绘。洞窟内用草泥抹平，施白粉底，再以矿物颜料绘制壁画。彩塑多用木架扎草，外敷细泥，然后彩绘。部分窟檐为木结构，如第196窟的唐代木构窟檐，是研究唐代建筑的珍贵实例。颜料多为矿物，如朱砂、石青、石绿、赭石等，至今仍鲜艳。藏经洞文献包括佛经、四部书、社会文书等，涉及多种语言文字。壁画用色至今鲜艳，得益于矿物颜料和干燥气候。""",3
23,culture,文化价值,"""莫高窟是世界文化遗产，是丝绸之路上的艺术瑰宝，见证了中西文化交流。其壁画和彩塑具有极高的历史和艺术价值，1987年被列入世界遗产名录。藏经洞文献是研究古代历史、宗教、艺术的宝库。敦煌学已成为国际显学。莫高窟的壁画内容广泛，涉及佛教史、社会史、音乐史等，是中国古代文化的百科全书。莫高窟的飞天形象，已成为中国艺术的标志之一。每年有大量学者和游客前来参观研究。莫高窟的保护和研究工作持续进行，数字敦煌项目让洞窟艺术得以永久保存。""",4
24,history,历史沿革,"""北京明十三陵位于北京昌平天寿山麓，是明朝十三位皇帝的陵墓群。自永乐七年（1409年）建长陵始，至崇祯思陵止，历时230余年。陵区面积广阔，规划统一。2000年被列为世界文化遗产（明清皇家陵寝扩展项目），2003年又扩展入明孝陵、明显陵等。明十三陵是中国皇家陵寝建筑的集大成者，体现了明代的丧葬制度和风水观念。陵区共有13座帝陵，7座妃子墓，1座太监墓。明成祖朱棣迁都北京后，于永乐七年（1409年）开始在天寿山建造长陵，此后明朝历代皇帝均葬于此，唯景泰帝葬于北京西山。思陵为崇祯帝陵，清初以妃嫔墓改建。""",1
24,structure,结构成就,"""陵区共葬13位皇帝，各陵依山而建，布局相似，均以长陵为模本。神道共用，长7.3公里，依次排列石望柱、石兽12对、石翁仲6对。石兽有狮子、獬豸、骆驼、象、麒麟、马，均为两卧两立。石翁仲有武臣、文臣、勋臣。各陵由陵门、碑亭、祾恩门、祾恩殿、明楼、宝顶等组成。长陵祾恩殿面阔九间，重檐庑殿顶，内有32根金丝楠木巨柱，高14.3米，直径1.17米，为国内罕见。定陵地宫已发掘，为石结构拱券式，由前、中、后、左、右五殿组成，面积1195平方米。""",2
24,material,材料与工艺,"""祾恩殿为木结构，长陵祾恩殿用楠木大柱，金丝楠木巨材，为国内罕见。宝顶为圆形土丘，下为地宫，定陵地宫已发掘，为石结构拱券式，由前、中、后、左、右五殿组成，面积1195平方米。地宫石门用汉白玉雕成，出土文物3000余件，包括金冠、凤冠等。神道石刻用整块青石雕成，造型生动。明楼为砖砌，内立碑。各陵宝顶大小不一。思陵为崇祯帝陵，规模最小。地宫出土的金冠，用极细金丝编成，重826克，是明代工艺的杰作。""",3
24,culture,文化价值,"""明十三陵是世界文化遗产，中国皇家陵寝建筑的典范，体现了明代的丧葬制度和建筑艺术。2000年被列入世界遗产名录，是研究明代历史和建筑的重要实例。定陵的发掘为研究明代帝王生活提供了宝贵资料。十三陵的建筑规制和风水理念，集中体现了中国古代的宇宙观和等级观念。明十三陵与南京明孝陵、湖北明显陵等共同构成明清皇家陵寝世界遗产。每年都有大量游客前来参观，定陵地宫是热门景点。十三陵也是研究明代建筑、雕刻、绘画艺术的重要宝库。""",4
25,history,历史沿革,"""江苏扬州个园位于扬州广陵区东关街，始建于明代，原为“寿芝园”。清嘉庆二十三年（1818年），两淮盐商黄至筠购得，改建为私家园林，因园内遍植竹子，取“竹”字半边为名。1988年被列为全国重点文物保护单位，是扬州园林的代表作。个园是扬州盐商文化的产物，体现了清代盐商的富庶和审美。园主黄至筠为当时八大盐商之一，家财万贯。据《扬州画舫录》记载，寿芝园为明代所建，园中假山相传为叠石名家所堆。黄至筠购得后，大兴土木，延请名匠，建成个园。园内遍植竹子，有竹数十种，如斑竹、紫竹、方竹等。""",1
25,structure,结构成就,"""个园以四季假山闻名，分春、夏、秋、冬四景，用不同石料堆叠，配以植物，象征四季变化。春山以石笋象征，配以翠竹，寓意春意盎然。夏山用太湖石堆叠，云朵状，有洞壑、瀑布，池水清澈。秋山用黄石堆叠，色彩斑斓，有登道、亭台，可登高远眺。冬山用宣石（雪石）堆叠，洁白如雪，墙上开圆孔，风声呼啸，似寒冬。园内南部为住宅，三进，中路建筑有门楼、大厅、后楼。住宅装修精美，木雕繁复。秋山上有住秋阁，可俯瞰全园。""",2
25,material,材料与工艺,"""建筑为扬州传统风格，木结构，粉墙黛瓦。假山堆叠手法高超，结合了石料的色彩、纹理和形态。太湖石瘦、皱、漏、透，黄石棱角分明，宣石洁白。园内曲廊水榭，花木扶疏，四季景色各异。住宅木雕精美，有福禄寿喜等图案。铺地多用卵石、瓦片拼成图案。门窗洞造型多样。竹种繁多，有斑竹、紫竹、方竹等。园内“宜雨轩”为四面厅，是赏景佳处。夏山上有鹤亭，可小憩。冬山墙上有24个圆孔，风穿过时发出呼啸声，如寒风凛冽。""",3
25,culture,文化价值,"""个园是中国园林的杰出代表，以四季假山艺术独步天下。1988年被列为全国重点文物保护单位，其造园理念和叠石艺术对研究中国园林具有重要价值。个园体现了扬州盐商文化的繁荣，也是文人园林的典范。四季假山的设计，将时间概念融入空间，是中国园林艺术的独特创造。个园与北京颐和园、承德避暑山庄、苏州拙政园并称中国四大名园。园内“抱山楼”可同时观赏夏山和秋山，是园内主要建筑。个园的竹子品种繁多，竹文化内涵丰富。""",4
